{
	"id": "6268e7ae-2bae-4efc-b432-f53c5bf3e6e5",
	"name": "LTTS Angular Sample",
	"values": [
		{
			"key": "ip_address",
			"value": "http://pp.dlv1.logichive.in:8999",
			"description": "",
			"enabled": true
		},
		{
			"key": "refresh_token",
			"value": "",
			"description": "",
			"enabled": true
		},
		{
			"key": "mobile_number",
			"value": "9686470007",
			"description": "",
			"enabled": true
		},
		{
			"key": "access_token",
			"value": "",
			"description": "",
			"enabled": true
		},
		{
			"key": "username",
			"value": "9686470007",
			"description": "",
			"enabled": true
		},
		{
			"key": "password",
			"value": "qwerty12",
			"description": "",
			"enabled": true
		},
		{
			"key": "fullname",
			"value": "Vineeth Yash",
			"description": "",
			"enabled": true
		}
	],
	"_postman_variable_scope": "environment",
	"_postman_exported_at": "2019-01-17T08:08:17.509Z",
	"_postman_exported_using": "Postman/6.6.1"
}